Time,PM25,PM10
1707348948.7750192,0,0
1707348949.776808,0,0
1707348950.7790816,0,0
1707348951.781358,0,0
1707348952.7836366,0,0
